{"flutter":{"platforms":{"android":{"default":{"projectId":"digilifehub","appId":"1:728489411456:android:2e0d0470b7da36a630f765","fileOutput":"android/app/google-services.json"}},"dart":{"lib/firebase_options.dart":{"projectId":"digilifehub","configurations":{"android":"1:728489411456:android:2e0d0470b7da36a630f765","ios":"1:728489411456:ios:2726f5ea0df16d3730f765","macos":"1:728489411456:ios:2726f5ea0df16d3730f765","web":"1:728489411456:web:aa2b4b619db2f68c30f765","windows":"1:728489411456:web:e6e09db765cd2e2530f765"}}}}}}