{
  "project_info": {
    "project_number": "728489411456",
    "project_id": "digilifehub",
    "storage_bucket": "digilifehub.firebasestorage.app"
  },
  "client": [
    {
      "client_info": {
        "mobilesdk_app_id": "1:728489411456:android:2e0d0470b7da36a630f765",
        "android_client_info": {
          "package_name": "com.digilifehub.digilife_hub"
        }
      },
      "oauth_client": [
        {
          "client_id": "728489411456-g5plkifl7uln3hnifd7era2566asav2v.apps.googleusercontent.com",
          "client_type": 1,
          "android_info": {
            "package_name": "com.digilifehub.digilife_hub",
            "certificate_hash": "3c21abb47a5663745e8dfda537bfe4d3c25b083d"
          }
        },
        {
          "client_id": "728489411456-c233b31qr1o5sqiqali09ofg8mepaj3c.apps.googleusercontent.com",
          "client_type": 3
        }
      ],
      "api_key": [
        {
          "current_key": "AIzaSyDY84MJ8zJQH0_FNk1bEOWNkG_gLJzzy5A"
        }
      ],
      "services": {
        "appinvite_service": {
          "other_platform_oauth_client": [
            {
              "client_id": "728489411456-c233b31qr1o5sqiqali09ofg8mepaj3c.apps.googleusercontent.com",
              "client_type": 3
            },
            {
              "client_id": "728489411456-moc8f79mbehqo5pov6h41kl93fqjn44d.apps.googleusercontent.com",
              "client_type": 2,
              "ios_info": {
                "bundle_id": "com.digilifehub.digilifeHub"
              }
            }
          ]
        }
      }
    }
  ],
  "configuration_version": "1"
}